Name,Status,Protocol,Vendor,Device Type,Supported products,Installed version,Available version,Nodes in use,Fault license,Performance license,Last modified
"3com-total-control","Available","Snmp","3Com","Router","TOTAL-CONTROL-3COM","","6.0.10","0","","",""
"a10thunder3030s","Available","Snmp","A10 Networks","Unknown","thunder 3030s","","6.0.10","0","","",""
"accedian-nid-coe","Available","Snmp","Accedian COE Networks","Demarcation Device","Accedian-NID-COE","","6.0.10","0","","",""
"accedian-nid","Available","Snmp","Accedian Networks","Demarcation Device","Accedian-NID,Accedian-AMN-1000-GT","","6.0.10","0","","",""
"aci-a8kfr1","Available","Snmp","ACI","Unknown","A8KFR1","","6.0.10","0","","",""
"aci-ed5219","Available","Snmp","ACI","Amplifier","ED5219","","6.0.10","0","","",""
"acmepacket-net-net-4000","Available","Snmp","Acme Packet","SBC","Net-Net 4000 Series","","6.0.10","0","","",""
"acmepacket-net-net-6000","Available","Snmp","ACME","SBC","SBC","","6.0.10","0","","",""
"actelis-ml130","Available","Tl1","Actelis Networks","MSPP","ML130","","6.0.10","0","","",""
"actelis-ml1300","Available","Tl1","Actelis Networks","MSPP","ML1300","","6.0.10","0","","",""
"actelis-ml2300","Available","Tl1","Actelis Networks","MSPP","ML2300","","6.0.10","0","","",""
"actelis-ml600","Available","Tl1","Actelis Networks","MSPP","ML600","","6.0.10","0","","",""
"adc-higain-hmu-319","Available","Tl1","ADC","Unknown","HMU-319","","6.0.10","0","","",""
"adc-soneplex","Available","Tl1","ADC","DLC","Soneplex","","6.0.10","0","","",""
"ademco-panel","RPM install failed","Ascii","Ademco","OAC","Panel","","6.0.10","0","","",""
"adtran-aoe","Available","Snmp","Adtran","Manager","AOE","","6.0.10","0","","",""
"adtran-mx-2800","Available","Tl1","Adtran","MSPP","MX 2800","","6.0.10","0","","",""
"adtran-mx-2820","Available","Tl1","Adtran","MSPP","MX 2820","","6.0.10","0","","",""
"adtran-mx408e","Available","Snmp","Adtran","Gateway","MX408e","","6.0.10","0","","",""
"adtran-mx410","Available","Snmp","Adtran","MUX","MX410","","6.0.10","0","","",""
"adtran-netvanta-3100","Available","Snmp","adtran","Router","netvanta","","6.0.10","0","","",""
"adtran-netvanta-3400","Available","Snmp","adtran","Router","netvanta","","6.0.10","0","","",""
"adtran-netvanta-6000","Available","Snmp","adtran","Router","netvanta","","6.0.10","0","","",""
"adtran-netvanta","Available","Snmp","Adtran, Inc","Unknown","Netvanta","","6.0.10","0","","",""
"adtran-opti-6100","Available","Tl1","Adtran","MSPP","Opti 6100","","6.0.10","0","","",""
"adtran-ta-1124p","Available","Snmp","Adtran","DLC","adtran-ta-1124p","","6.0.10","0","","",""
"adtran-ta-1200","Available","Snmp","Adtran","DSLAM","Adtran-ta-1200","","6.0.10","0","","",""
"adtran-ta-1248","Available","Snmp","Adtran","DSLAM","Adtran-ta-1248","","6.0.10","0","","",""
"adtran-ta-1500","Available","Snmp","ADTRAN","MSAP","Total Access-1500","","6.0.10","0","","",""
"adtran-ta-3000","Available","Snmp","Adtran","DSLAM","adtran-ta-3000","","6.0.10","0","","",""
"adtran-ta-5000-snmp-modified","Available","Snmp","Adtran","MSAP","TA","","6.0.10","0","","",""
"adtran-ta-5000-snmp","Available","Snmp","Adtran","MSAP","TA","","6.0.10","0","","",""
"adtran-ta-5000","Available","Tl1","Adtran","MSAP","Total Access 5000","","6.0.10","0","","",""
"adtran-ta-900","Available","Snmp","Adtran","Gateway","adtran-ta-900","","6.0.10","0","","",""
"adva-206","Available","Snmp","ADVA","Demarcation Device","Adva GE-206","","6.0.10","0","","",""
"adva-fsp-150cc","Available","Snmp","ADVA","Gateway","FSP 150CC","","6.0.10","0","","",""
"adva-fsp-3000-snmp","Available","Snmp","ADVA Optical Networking","MUX","FSP-3000RE","","6.0.10","0","","",""
"adva-fsp-3000","Available","Tl1","ADVA Optical Networking","MSPP","FSP 3000","","6.0.10","0","","",""
"adva-fsp-r7-snmp","Available","Snmp","ADVA","DWDM","FSP3000 R7","","6.0.10","0","","",""
"adva-fsp150cc-ge-110","Available","Snmp","ADVA","Unknown","FSP 150CC-GE110 Series","","6.0.10","0","","",""
"afc-umc-1000","Available","Ascii","AFC","Unknown","UMC-1000","","6.0.10","0","","",""
"akcp-sensorprobe8-x60","Available","Snmp","AKCP","Unknown","AKCP-sensorProbe8-x60","","6.0.10","0","","",""
"alcatel-1665-dmx","Available","Tl1","Alcatel-Lucent","MSPP","1665 DMX","","6.0.10","0","","",""
"alcatel-1675","Available","Tl1","Alcatel-Lucent","Switch","1675 Switch","","6.0.10","0","","",""
"alcatel-1830-pss","Available","Tl1","Alcatel-Lucent","ADM","1830 PSS","","6.0.10","0","","",""
"alcatel-6124","Available","Snmp","Alcatel","Switch","Alcatel Omnistack 6124","","6.0.10","0","","",""
"alcatel-6400","Available","Snmp","Alcatel","Switch","OmniSwitch","","6.0.10","0","","",""
"alcatel-7210","Available","Snmp","Alcatel","Switch","Switch","","6.0.11","0","","",""
"alcatel-7450","Available","Snmp","Alcatel","Switch","Switch","","6.0.10","0","","",""
"alcatel-7700","Available","Snmp","Alcatel","Switch","OmniSwitch","","6.0.10","0","","",""
"alcatel-7705","Available","Snmp","Alcatel-Lucent","Router","Alcatel-Lucent-7705 SAR","","6.0.11","0","","",""
"alcatel-7750","Installed","Snmp","Alcatel","Router","Service Router","6.0.12","6.0.12","1","enabled","enabled","Wed Jun 28 22:34:42 EDT 2017"
"alcatel-7800","Available","Snmp","Alcatel","Switch","OmniSwitch","","6.0.10","0","","",""
"alcatel-mdr-8000","Available","Snmp","Alcatel-Lucent","Microwave Radio","MDR-8000","","6.0.10","0","","",""
"alcatel-mpr9500","Available","Snmp","alcatel","Microwave Radio","mpr9500","","6.0.10","0","","",""
"alcatel-omc-ran","Available","Snmp","Alcatel Lucent","Unknown","OMC-RAN","","6.0.10","0","","",""
"alcatel-omniswitch-6250","Available","Snmp","Alcatel","Switch","OmniSwitch-6250","","6.0.10","0","","",""
"alcatel-omniswitch-6850e","Available","Snmp","Alcatel","Switch","OmniSwitch-6850E","","6.0.10","0","","",""
"alcatel-omniswitch-6900","Available","Snmp","Alcatel Lucent","Switch","OmniSwitch-6900","","6.0.10","0","","",""
"alcatel-oms1350","Available","Snmp","Alactel-Lucent","Manager","Oms1350","","6.0.10","0","","",""
"alcatelsam","Available","Api","Alcatel","","","","6.0.10","0","","",""
"allied-telesis-9100","Available","Snmp","Allied-Telesis","Unknown","AT9100","","6.0.10","0","","",""
"allied-telesis-9700","Available","Snmp","Allied-Telesis","Unknown","AT9700","","6.0.10","0","","",""
"allied-telesis-9810","Available","Snmp","Allied-Telesis","Unknown","AT9810","","6.0.10","0","","",""
"allied-telesis-9900","Available","Snmp","Allied-Telesis","Unknown","AT9900","","6.0.10","0","","",""
"alpha-alphanet-dsm","Available","Snmp","Alpha","UPS","UPS","","6.0.10","0","","",""
"alpha-cordex-hp","Available","Snmp","Alpha","Rectifier","cordex-hp","","6.0.10","0","","",""
"alpha-ups-fxm","Available","Snmp","Alpha Technologies","UPS","FXM UPS","","6.0.10","0","","",""
"alvarion-breezemax-macro","Available","Snmp","Alvarion","Unknown"," BreezeMAX Macro","","6.0.10","0","","",""
"alvarion-breezemax-micro","Available","Snmp","Alvarion","Unknown","BreezeMAX Micro","","6.0.10","0","","",""
"am-9362","Available","Snmp","AM Communications","Power Equipment","Transponder","","6.0.10","0","","",""
"apc-smart-ups","Available","Snmp","apc","UPS","smart-ups","","6.0.10","0","","",""
"arbornet-peakflow","Available","Snmp","Arbor Networks","Unknown","Peakflow","","6.0.10","0","","",""
"argus-cxc-controller","Available","Snmp","Argus Technologies","Rectifier","CXC Controller","","6.0.10","0","","",""
"arris-c4","Available","Snmp","ARRIS","CMTS","ARRIS C4 CMTS","","6.0.10","0","","",""
"arris-e6000","Available","Snmp","ARRIS","CMTS","ARRIS E6000 CMTS","","6.0.10","0","","",""
"arris-egt-encoder","Available","Snmp","ARRIS","Video Processor","Arris EGT Quartet Encoder","","6.0.10","0","","",""
"arris-modem","Available","Snmp","ARRIS","Cable Modem","Arris Modem","","6.0.10","0","","",""
"arris-mta","Available","Snmp","Arris","MTA","*","","6.0.10","0","","",""
"arris-vipr","Available","Snmp","ARRIS","Video Processor","ARRIS-VIPR","","6.0.10","0","","",""
"asc-multistream","Available","Snmp","ASC","Switch","MultiStream","","6.0.10","0","","",""
"asentria-siteboss-420","Available","Snmp","Asentria","ESP","SiteBoss 420","","6.0.10","0","","",""
"asentria-siteboss-530","Available","Snmp","Asentria","ESP","SiteBoss 530","","6.0.10","0","","",""
"asentria-siteboss-550","Available","Snmp","Asentria","ESP","SiteBoss 550","","6.0.10","0","","",""
"asentria-siteboss-570","Available","Snmp","Asentria","ESP","SiteBoss 570","","6.0.10","0","","",""
"aspen-syslog","Available","Ascii","Aspen","Server","ASPEN SYSLOG","","6.0.10","0","","",""
"audiocodes-btx-4k","Available","Snmp","AudioCodes","Gateway","AudioCodes ORCA BTX-4K","","6.0.10","0","","",""
"audiocodes","Available","Snmp","AudioCodes Limited","Gateway","MediaPack","","6.0.10","0","","",""
"aurora-ge4132m-gpon","Available","Snmp","Aurora Networks, Inc","OLT","GE4132M","","6.0.10","0","","",""
"aurora-onu-e888x-rtn","Available","Snmp","Aurora Networks, Inc","ONU","E888X","","6.0.10","0","","",""
"aurora-system3000","Available","Snmp","Aurora Networks, Inc","Unknown","CH3000","","6.0.10","0","","",""
"aviat-provision","Available","Snmp","Aviat Networks","Manager","ProVision","","6.0.10","0","","",""
"barracuda-antispam-server","Available","Snmp","Barracuda Networks","Firewall","Spam and Virus Firewall","","6.0.10","0","","",""
"batm-t-marc-300","Available","Snmp","BATM Advanced Communications Ltd.","Demarcation Device","T-Marc","","6.0.10","0","","",""
"benning-dsp-120","Available","Snmp","Benning","Unknown","Benning TEBEVERT DSP-120","","6.0.10","0","","",""
"bluecat-adonis","Available","Snmp","BlueCat Adonis","Unknown","","","6.0.10","0","","",""
"brocade-cer2024","Available","Snmp","Brocade Communications Systems, Inc","Router","CER2024F,CES2024F,CES2024C,CES2048FX,CES2024F-4X","","6.0.10","0","","",""
"brocade-ces2024f-4x","Available","Snmp","Brocade Communications Systems, Inc","Switch","CES2024-4X","","6.0.2","0","","",""
"brocade-fastiron-sx800","Available","Snmp","Foundry Networks","Switch","Foundry Networks","","6.0.10","0","","",""
"brocade-fcx624","Available","Snmp","Brocade Communications Systems, Inc","Switch","FCX624,FCX648,ICX6610","","6.0.10","0","","",""
"brocade-icx7450","Available","Snmp","Brocade Communications Systems, Inc","Switch","ICX7450","","6.0.10","0","","",""
"bti-702","Available","Snmp","BTI","Unknown","BTI-702","","6.0.10","0","","",""
"bti-704","Available","Snmp","BTI","Unknown","BTI-704","","6.0.10","0","","",""
"bti-7060","Available","Snmp","BTI","Unknown","BTI 7060","","6.0.10","0","","",""
"bti-7200","Available","Snmp","BTI","Unknown","BTI 7200","","6.0.10","0","","",""
"bti-7800","Available","Snmp","BTI","Unknown","BTI 7800 Series Intelligent Cloud Connect Platform","","6.0.10","0","","",""
"bti-810","Available","Snmp","BTI","Unknown","BTI-810","","6.0.10","0","","",""
"bti-netstender","Available","Tl1","BTI Systems","MUX","NetStender","","6.0.10","0","","",""
"cac-widebank-28","Available","Tl1","Carrier Access Corporation","MUX","WideBank-28-DS3-Mux","","6.0.10","0","","",""
"calix-2000","Available","Snmp","Calix","ONU","Calix-2000","","6.0.10","0","","",""
"calix-700ge-ont","Available","Snmp","Calix","ONU","700ge-ont","","6.0.10","0","","",""
"calix-b6-214","Available","Snmp","Calix","Access Point","B6-214","","6.0.10","0","","",""
"calix-b6-318","Available","Snmp","Calix","Access Point","B6-318","","6.0.10","0","","",""
"calix-c7-ems","Available","Tl1","Calix","Manager","C7CMS","","6.0.10","0","","",""
"calix-c7-snmp","Available","Snmp","Calix","MSAP","C7","","6.0.10","0","","",""
"calix-c7","Available","Tl1","Calix","OSTP","C7","","6.0.10","0","","",""
"calix-c7cms","Available","Tl1","Calix","OSTP","C7CMS","","6.0.10","0","","",""
"calix-e3","Available","Snmp","Calix","ESP","E3","","6.0.10","0","","",""
"calix-e5-110","Available","Snmp","Calix","ESP","E5-110","","6.0.10","0","","",""
"calix-e5-111","Available","Snmp","Calix","ESP","E5-111","","6.0.10","0","","",""
"calix-e7","Available","Snmp","Calix","ESP","E7","","6.0.10","0","","",""
"carrier-access-mux","Available","Snmp","Carrier Access","MUX","Multiplexer","","6.0.10","0","","",""
"casa-c100g","Available","Snmp","CASA Systems","CMTS","c100g","","6.0.10","0","","",""
"casa-c10g","Available","Snmp","CASA Systems","CMTS","c10g","","6.0.10","0","","",""
"ceragon-ip-10","Available","Snmp","CERAGON","Switch","CERAGON IP-10","","6.0.10","0","","",""
"ceragon-ip-20","Available","Snmp","CERAGON","Switch","CERAGON IP-20","","6.0.10","0","","",""
"checkpoint-ngx","Available","Snmp","Check Point Software Technologies LTD.","Firewall","Checkpoint NGX R62 Firewall","","6.0.10","0","","",""
"ciena-3900","Available","Snmp","Ciena","Switch","Ciena 3900,3903","","6.0.10","0","","",""
"ciena-3916","Available","Snmp","Ciena","Switch","Ciena 3900,3916,3930","","6.0.10","0","","",""
"ciena-3930","Available","Snmp","Ciena","Switch","Ciena 3900,3916,3930,3931,3932","","6.0.10","0","","",""
"ciena-5140","Available","Snmp","Ciena","Switch","5140","","6.0.10","0","","",""
"ciena-5142","Available","Snmp","Ciena","Switch","5142","","6.0.10","0","","",""
"ciena-5150","Available","Snmp","Ciena","Switch","5150","","6.0.10","0","","",""
"ciena-5160","Available","Snmp","Ciena","Switch","5160","","6.0.10","0","","",""
"ciena-5400-snmp","Available","Snmp","Ciena","Switch","Ciena-5400","","6.0.10","0","","",""
"ciena-5400","Available","Tl1","Ciena","Switch","5400 Reconfigurable Switching System","","6.0.10","0","","",""
"ciena-6500-v6","Available","Tl1","Ciena","MSTP","Optical Multiservice Edge 6500.*","","6.0.10","0","","",""
"ciena-6500","Available","Tl1","Ciena","MSTP","Optical Multiservice Edge 6500.*","","6.0.10","0","","",""
"ciena-8700","Available","Snmp","ciena","Switch","ciena-8700","","6.0.10","0","","",""
"ciena-cn-4200","Available","Tl1","Ciena","MSPP","CN 4200","","6.0.10","0","","",""
"ciena-coredirector","Available","Tl1","Ciena","MSSP","Core Director","","6.0.10","0","","",""
"ciena-online-metro","Available","Tl1","Ciena","ADM","Online Metro","","6.0.10","0","","",""
"ciena-z33","Available","Snmp","Ciena","Unknown","ciena-z33","","6.0.10","0","","",""
"cisco-10012","Available","Snmp","Cisco Systems, Inc","CMTS","Cisco 10012","","6.0.10","0","","",""
"cisco-12004","Available","Snmp","Cisco Systems, Inc","Router","Cisco 12004","","6.0.10","0","","",""
"cisco-12006","Available","Snmp","Cisco Systems, Inc","Router","Cisco 12006","","6.0.10","0","","",""
"cisco-12008","Available","Snmp","Cisco Systems, Inc","Router","Cisco 12008","","6.0.10","0","","",""
"cisco-12010","Available","Snmp","Cisco Systems, Inc","Router","Cisco 12010","","6.0.10","0","","",""
"cisco-12012","Available","Snmp","Cisco Systems, Inc","Router","Cisco 12012","","6.0.10","0","","",""
"cisco-12014","Available","Snmp","Cisco Systems, Inc","Router","Cisco 12014","","6.0.10","0","","",""
"cisco-12016","Available","Snmp","Cisco Systems, Inc","Router","Cisco 12016","","6.0.10","0","","",""
"cisco-12404","Available","Snmp","Cisco Systems, Inc","Router","Cisco 12404","","6.0.10","0","","",""
"cisco-12406","Available","Snmp","Cisco Systems, Inc","Router","Cisco 12406","","6.0.10","0","","",""
"cisco-12410","Available","Snmp","Cisco Systems, Inc","Router","Cisco 12410","","6.0.10","0","","",""
"cisco-12416","Available","Snmp","Cisco Systems, Inc","Router","Cisco 12416","","6.0.10","0","","",""
"cisco-12810","Available","Snmp","Cisco Systems, Inc","Router","Cisco 12810","","6.0.10","0","","",""
"cisco-12816","Available","Snmp","Cisco Systems, Inc","Router","Cisco 12816","","6.0.10","0","","",""
"cisco-1600","Available","Snmp","Cisco Systems, Inc","Router","Cisco 1600","","6.0.10","0","","",""
"cisco-1701","Available","Snmp","Cisco Systems, Inc","Router","Cisco 1701 ADSL Security Access Router","","6.0.10","0","","",""
"cisco-1711","Available","Snmp","Cisco Systems, Inc","Router","Cisco 1711 Security Access Router","","6.0.10","0","","",""
"cisco-1720","Available","Snmp","Cisco Systems, Inc","Router","Cisco 1700 Series Modular Access Routers","","6.0.10","0","","",""
"cisco-1800","Available","Snmp","Cisco Systems, Inc","Router","Router","","6.0.10","0","","",""
"cisco-1811","Available","Snmp","Cisco Systems, Inc","Router","Router","","6.0.10","0","","",""
"cisco-1841","Available","Snmp","Cisco Systems, Inc","Router","Router","","6.0.10","0","","",""
"cisco-1900","Available","Snmp","Cisco Systems, Inc","Router","Cisco 1900","","6.0.10","0","","",""
"cisco-1941","Available","Snmp","Cisco Systems, Inc","Router","Cisco 1941","","6.0.10","0","","",""
"cisco-2431","Available","Snmp","Cisco Systems, Inc","Gateway","Cisco 2431 Integrated Access Device","","6.0.10","0","","",""
"cisco-2432","Available","Snmp","Cisco Systems, Inc","Gateway","Cisco 2432 Integrated Access Device","","6.0.10","0","","",""
"cisco-2500","Available","Snmp","Cisco Systems, Inc","Router","Cisco 2500 Router","","6.0.10","0","","",""
"cisco-2511","Available","Snmp","Cisco Systems, Inc","Router","Cisco 2511 Router/Access Server","","6.0.10","0","","",""
"cisco-2600","Available","Snmp","Cisco Systems, Inc","Router","Cisco 2600 Router","","6.0.10","0","","",""
"cisco-2610","Available","Snmp","Cisco Systems, Inc","Router","Cisco 2610 Router","","6.0.10","0","","",""
"cisco-2611","Available","Snmp","Cisco Systems, Inc","Router","Cisco 2611 Router","","6.0.10","0","","",""
"cisco-2611xm","Available","Snmp","Cisco Systems, Inc","Router","Cisco 2611XM Router","","6.0.10","0","","",""
"cisco-2620","Available","Snmp","Cisco Systems, Inc","Router","Cisco 2620 Router","","6.0.10","0","","",""
"cisco-2621","Available","Snmp","Cisco Systems, Inc","Router","Cisco Modular Access Routers","","6.0.10","0","","",""
"cisco-2621xm","Available","Snmp","Cisco Systems, Inc","Router","Cisco Modular Access Routers","","6.0.10","0","","",""
"cisco-2651","Available","Snmp","Cisco Systems, Inc","Router","Cisco 2651 Router","","6.0.10","0","","",""
"cisco-2800","Available","Snmp","Cisco Systems, Inc","Router","Cisco 2800 Integrated Service Router","","6.0.10","0","","",""
"cisco-2801","Available","Snmp","Cisco Systems, Inc","Router","Cisco 2801 Integrated Service Router","","6.0.10","0","","",""
"cisco-2811","Available","Snmp","Cisco Systems, Inc","Router","Cisco 2811 Integrated Service Router","","6.0.10","0","","",""
"cisco-2821","Available","Snmp","Cisco Systems, Inc","Router","Cisco 2821 Integrated Service Router","","6.0.10","0","","",""
"cisco-2900xl","Available","Snmp","Cisco Systems, Inc","Switch","Cisco 2900xl","","6.0.10","0","","",""
"cisco-2912","Available","Snmp","Cisco Systems, Inc","Switch","Cisco 2912 Switch","","6.0.10","0","","",""
"cisco-2924","Available","Snmp","Cisco Systems, Inc","Switch","Cisco 2924 Switch","","6.0.10","0","","",""
"cisco-2926","Available","Snmp","Cisco Systems, Inc","Switch","Cisco 2926","","6.0.10","0","","",""
"cisco-2950","Available","Snmp","Cisco Systems, Inc","Switch","Cisco 2950 Switch","","6.0.10","0","","",""
"cisco-2960","Available","Snmp","Cisco Systems, Inc","Switch","Cisco 2960 Switch","","6.0.10","0","","",""
"cisco-2960s","Available","Snmp","Cisco Systems, Inc","Switch","Cisco 2960S Switch","","6.0.10","0","","",""
"cisco-2970","Available","Snmp","Cisco Systems, Inc","Switch","Cisco 2970","","6.0.10","0","","",""
"cisco-3508","Available","Snmp","Cisco Systems, Inc","Switch","Cisco 3508 Switch","","6.0.10","0","","",""
"cisco-3512","Available","Snmp","Cisco Systems, Inc","Switch","Cisco Catalyst 3512 XL Switch","","6.0.10","0","","",""
"cisco-3548","Available","Snmp","Cisco Systems, Inc","Switch","Cisco 3548 Switch","","6.0.10","0","","",""
"cisco-3550","Available","Snmp","Cisco Systems, Inc","Switch","Cisco 3550 Switch","","6.0.10","0","","",""
"cisco-3560","Available","Snmp","Cisco Systems, Inc","Switch","Cisco 3560 Switch","","6.0.10","0","","",""
"cisco-3620","Available","Snmp","Cisco Systems, Inc","Router","Cisco 3600 Series Multifunction Platform","","6.0.10","0","","",""
"cisco-3640","Available","Snmp","Cisco Systems, Inc","Router","Cisco 3600 Series Multifunction Platform","","6.0.10","0","","",""
"cisco-3650","Available","Snmp","Cisco Systems, Inc","Switch","Cisco Catalyst 3650 Switch","","6.0.10","0","","",""
"cisco-3725","Available","Snmp","Cisco Systems, Inc","Router","Cisco 3725 MultiService Access Router","","6.0.10","0","","",""
"cisco-3745","Available","Snmp","Cisco Systems, Inc","Router","Cisco 3745","","6.0.10","0","","",""
"cisco-3750","Available","Snmp","Cisco Systems, Inc","Switch","Cisco 3750 Switch","","6.0.10","0","","",""
"cisco-3825","Available","Snmp","Cisco Systems, Inc","Router","Cisco 3825 Integrated Service Router","","6.0.10","0","","",""
"cisco-3845","Available","Snmp","Cisco Systems, Inc","Router","Cisco 3845 Integrated Service Router","","6.0.10","0","","",""
"cisco-3850","Available","Snmp","Cisco","Switch","Cisco","","6.0.10","0","","",""
"cisco-3925","Available","Snmp","Cisco Systems, Inc","Router","Cisco 3925 Integrated Services Router","","6.0.10","0","","",""
"cisco-4006","Available","Snmp","Cisco Systems, Inc","Switch","Cisco 4006 Switch","","6.0.10","0","","",""
"cisco-4500","Available","Snmp","Cisco Systems, Inc","Switch","Cisco 4500 Switch","","6.0.10","0","","",""
"cisco-4507","Available","Snmp","Cisco Systems, Inc","Switch","Cisco 4507","","6.0.10","0","","",""
"cisco-4510","Available","Snmp","Cisco Systems, Inc","Switch","Cisco 4510","","6.0.10","0","","",""
"cisco-4700","Available","Snmp","Cisco Systems, Inc","Router","Cisco 4700 Router","","6.0.10","0","","",""
"cisco-4900m","Available","Snmp","Cisco Systems, Inc","Switch","Cisco 4900m Switch","","6.0.10","0","","",""
"cisco-4924","Available","Snmp","Cisco networks,Inc","Switch","ME4924-10GE","","6.0.10","0","","",""
"cisco-4948","Available","Snmp","Cisco Systems, Inc","Switch","Cisco 4948 Switch","","6.0.10","0","","",""
"cisco-4948e","Available","Snmp","Cisco Systems, Inc","Switch","Cisco 4948e Switch","","6.0.10","0","","",""
"cisco-5508","Available","Snmp","Cisco Systems, Inc","Unknown","cisco 5508 wireless controller","","6.0.10","0","","",""
"cisco-6506","Available","Snmp","Cisco Systems, Inc","Switch","Cisco 6506","","6.0.10","0","","",""
"cisco-6509","Available","Snmp","Cisco Systems, Inc","Switch","Cisco 6509","","6.0.10","0","","",""
"cisco-7100","Available","Snmp","Cisco Systems, Inc","CMTS","Cisco CMTS Universal Broadband Router 7100 series","","6.0.10","0","","",""
"cisco-7140","Available","Snmp","Cisco Systems, Inc","Router","Cisco 7140 VPN Router","","6.0.10","0","","",""
"cisco-7201","Available","Snmp","Cisco Systems, Inc","Router","7201","","6.0.10","0","","",""
"cisco-7225","Available","Snmp","Cisco Systems, Inc","CMTS","Cisco 7225 Router","","6.0.10","0","","",""
"cisco-7301","Available","Snmp","Cisco, Inc","Router","Cisco-7301 Router","","6.0.10","0","","",""
"cisco-7304","Available","Snmp","Cisco Systems, Inc","Router","Cisco-7304","","6.0.10","0","","",""
"cisco-7603","Available","Snmp","Cisco Systems, Inc","Router","Cisco 7603 / 7603-S Router","","6.0.10","0","","",""
"cisco-7606","Available","Snmp","Cisco Systems, Inc","Router","Cisco 7606 / 7606-S Router","","6.0.10","0","","",""
"cisco-7606s","Available","Snmp","Cisco Systems, Inc","Router","Cisco 7606-S Router","","6.0.10","0","","",""
"cisco-7609","Available","Snmp","Cisco Systems, Inc","Router","Cisco 7609 / 7609-S Router","","6.0.10","0","","",""
"cisco-ace10","Available","Snmp","Cisco Systems, Inc","Switch","Cisco ACE10 K9","","6.0.10","0","","",""
"cisco-ap-1100","Available","Snmp","Cisco Systems, Inc","Access Point","Cisco Aironet 1100 Series Access Point","","6.0.10","0","","",""
"cisco-ap-1200","Available","Snmp","Cisco Systems, Inc","Access Point","Cisco Aironet 1200 Series Access Point","","6.0.10","0","","",""
"cisco-as5400","Available","Snmp","Cisco Systems, Inc","Router","Cisco AS5400 Router","","6.0.10","0","","",""
"cisco-asa-5505","Available","Snmp","Cisco Systems, Inc","Firewall","Cisco ASA 5505","","6.0.10","0","","",""
"cisco-asa-5510","Available","Snmp","Cisco Systems, Inc","Firewall","Cisco ASA 5510","","6.0.10","0","","",""
"cisco-asa-5520","Available","Snmp","Cisco Systems, Inc","Firewall","Cisco ASA 5520","","6.0.10","0","","",""
"cisco-asa-5550","Available","Snmp","Cisco Systems, Inc","Firewall","Cisco ASA 5550","","6.0.10","0","","",""
"cisco-asa-5585x","Available","Snmp","Cisco Systems, Inc","Firewall","Cisco ASA 5585x","","6.0.10","0","","",""
"cisco-asr1000","Available","Snmp","Cisco Systems, Inc","Router","Cisco ASR1000","","6.0.10","0","","",""
"cisco-asr5000","Available","Snmp","Cisco Systems, Inc","Gateway","Cisco ASR 5000","","6.0.10","0","","",""
"cisco-asr9000","Available","Snmp","Cisco Systems, Inc","Router","Cisco ASR 9000","","6.0.10","0","","",""
"cisco-asr901","Available","Snmp","Cisco Systems, Inc","Router","Cisco ASR 901 Series Aggregation Services Router","","6.0.10","0","","",""
"cisco-asr903","Available","Snmp","Cisco Systems, Inc","Router","Cisco-asr903","","6.0.10","0","","",""
"cisco-asr9900","Available","Snmp","Cisco Systems, Inc","Router","Cisco ASR 9900","","6.0.10","0","","",""
"cisco-bac","Available","Snmp","Cisco Systems,Inc","Server","Broadband Access Center","","6.0.10","0","","",""
"cisco-bts10200","Available","Snmp","Cisco Systems, Inc","Switch","BTS10200","","6.0.10","0","","",""
"cisco-callmanager","Available","Snmp","Cisco Systems, Inc","IP_PBX","Cisco CallManager","","6.0.10","0","","",""
"cisco-cat4500e","Available","Snmp","Cisco Systems, Inc","Switch","Cisco-cat4500e","","6.0.10","0","","",""
"cisco-cbr8","Available","Snmp","Cisco","Router","Cisco-cbr8","","6.0.10","0","","",""
"cisco-cmc","Available","Snmp","Cisco Systems, Inc","Gateway","Cisco CMC","","6.0.10","0","","",""
"cisco-continuum-dqa","Available","Snmp","Cisco Systems, Inc","Unknown","continuum-dqa","","6.0.10","0","","",""
"cisco-crs-16s","Available","Snmp","CISCO","Router","Cisco CRS-16s Line Card Chassis Carrier Router","","6.0.10","0","","",""
"cisco-csr1000v","Available","Snmp","CISCO","Unknown","thunder 3030s","","6.0.10","0","","",""
"cisco-d9850","Available","Snmp","Cisco","Unknown","Cisco-d9850","","6.0.10","0","","",""
"cisco-d9859","Available","Snmp","Cisco","Unknown","","","0","0","","",""
"cisco-dcm-9900","Available","Snmp","Cisco Systems, Inc","Video Processor","Cisco DCM 9900 Video Processor","","6.0.10","0","","",""
"cisco-emta","Available","Snmp","Cisco Systems, Inc","MTA","emta","","6.0.10","0","","",""
"cisco-generic","Installed","Snmp","Cisco Systems, Inc","Switch","Cisco Generic","6.0.13","6.0.13","0","disabled","disabled","Wed Jun 28 22:34:15 EDT 2017"
"cisco-isr-2911","Available","Snmp","Cisco Systems, Inc","Router","Cisco 2911 Integrated Services Router","","6.0.10","0","","",""
"cisco-isr-800","Available","Snmp","Cisco Systems, Inc","Router","Cisco 800 Series Integrated Services Router","","6.0.10","0","","",""
"cisco-isr2900","Available","Snmp","Cisco Systems, Inc","Router","Cisco 2900 Series Integrated Services Router","","6.0.10","0","","",""
"cisco-me-1200","Available","Snmp","Cisco Systems, Inc","Switch","SWITCH","","6.0.10","0","","",""
"cisco-me-3400","Installed","Snmp","Cisco Systems, Inc","Switch","Cisco ME 3400","6.0.11","6.0.11","0","enabled","enabled","Wed Jun 28 22:35:28 EDT 2017"
"cisco-me-3600","Available","Snmp","Cisco Systems, Inc","Switch","Cisco ME 3600","","6.0.11","0","","",""
"cisco-mgx-8880","Available","Snmp","Cisco Systems, Inc","Switch","MGX-8880","","6.0.10","0","","",""
"cisco-modem-epc2325","Available","Snmp","Cisco","Cable Modem","Cisco EPC2325","","6.0.10","0","","",""
"cisco-modem-epc2425","Available","Snmp","Cisco","Cable Modem","Cisco EPC2425","","6.0.10","0","","",""
"cisco-modem-epc3925","Available","Snmp","Cisco","Cable Modem","Cisco EPC3925","","6.0.10","0","","",""
"cisco-network-registrar","Available","Snmp","Cisco","Server","Cisco Network Registrar","","6.0.10","0","","",""
"cisco-nexus-2248tp","Available","Snmp","Cisco Systems, Inc","Switch","Cisco-Nexus-2248tp","","6.0.10","0","","",""
"cisco-nexus-5548up","Available","Snmp","Cisco Systems, Inc","Switch","Cisco-Nexus-5548up","","6.0.10","0","","",""
"cisco-nexus-5596up","Available","Snmp","Cisco Systems, Inc","Switch","Cisco-Nexus-5596up","","6.0.10","0","","",""
"cisco-nexus-7000","Available","Snmp","Cisco Systems, Inc","Switch","Cisco-nexus-7000","","6.0.10","0","","",""
"cisco-nexus-9300","Available","Snmp","Cisco Systems, Inc","Switch","cisco-nexus-9300","","6.0.10","0","","",""
"cisco-ons15310","Available","Tl1","Cisco Systems, Inc","MSPP","ONS15310CL","","6.0.12","0","","",""
"cisco-ons15327","Available","Tl1","Cisco Systems, Inc","MSPP","ONS15327","","6.0.12","0","","",""
"cisco-ons15454-ml","Available","Snmp","Cisco Systems, Inc","MSPP","ONS15454-ML","","6.0.12","0","","",""
"cisco-ons15454-v9.6","Available","Tl1","Cisco Systems, Inc","MSPP","ONS15454","","6.0.12","0","","",""
"cisco-ons15454","Available","Tl1","Cisco Systems, Inc","MSPP","ONS15454","","6.0.12","0","","",""
"cisco-ons15455","Available","Tl1","Cisco Systems, Inc","MSPP","ONS15455","","6.0.12","0","","",""
"cisco-ons15600","Available","Tl1","Cisco Systems, Inc","MSPP","ONS15600","","6.0.12","0","","",""
"cisco-pixfirewall-501","Available","Snmp","Cisco Systems, Inc","Firewall","Cisco PIXfirewall 501","","6.0.10","0","","",""
"cisco-pixfirewall-506e","Available","Snmp","Cisco Systems, Inc","Firewall","Cisco PIXfirewall 506 E","","6.0.10","0","","",""
"cisco-pixfirewall-515e","Available","Snmp","Cisco Systems, Inc","Firewall","Cisco PIXfirewall 515 E","","6.0.10","0","","",""
"cisco-powervu","Available","Snmp","Cisco Systems, Inc","DTV Receiver","Cisco Power vu","","6.0.10","0","","",""
"cisco-prime-access-registrar","Available","Snmp","Cisco Systems, Inc","Server","Cisco Prime Access Registrar","","6.0.10","0","","",""
"cisco-prisma","Available","Snmp","Cisco Systems, Inc","Video Platform","Prisma II Video Platform","","6.0.10","0","","",""
"cisco-rfgw10","Available","Snmp","Cisco Systems,Inc","Gateway","Gateway","","6.0.10","0","","",""
"cisco-sg300","Available","Snmp","Cisco Systems, Inc","Switch","Cisco SG300 Switch","","6.0.10","0","","",""
"cisco-syslog","Available","Ascii","Cisco Systems, Inc","Server","Cisco SYSLOG","","6.0.10","0","","",""
"cisco-ubr-7223","Available","Snmp","Cisco Systems, Inc","CMTS","Cisco UBR 7223","","6.0.10","0","","",""
"cisco-ubr-7246-vxr","Available","Snmp","Cisco Systems, Inc","CMTS","Cisco UBR 7246 VXR","","6.0.10","0","","",""
"cisco-ubr-7246","Available","Snmp","Cisco Systems, Inc","CMTS","Cisco UBR 7246","","6.0.10","0","","",""
"cisco-unity","Available","Snmp","Cisco Systems, Inc","Collaboration Server","Unity","","6.0.10","0","","",""
"cisco-vpn-3000","Available","Snmp","Cisco Systems, Inc","VPN","Cisco 3000 VPN Concentrator","","6.0.10","0","","",""
"cisco-ws-c2924-xl","Available","Snmp","Cisco Systems, Inc","Switch","WS-C2924-XL","","6.0.10","0","","",""
"cisco2501-router","Available","Snmp","Cisco Systems, Inc","Router","2501","","6.0.10","0","","",""
"cisco7204VXR-router","Available","Snmp","Cisco Systems, Inc","Router","7204VXR","","6.0.10","0","","",""
"cisco7206VXR-router","Available","Snmp","Cisco Systems, Inc","Router","7206VXR","","6.0.10","0","","",""
"colubris-map","Available","Snmp","Colubris Networks","Access Point","MAP","","6.0.10","0","","",""
"colubris-msc-3000","Available","Snmp","Colubris Networks","Access Point","MSC 3000","","6.0.10","0","","",""
"colubris-msc-5000","Available","Snmp","Colubris Networks","Service Controller","MSC 5000","","6.0.10","0","","",""
"comverse","Available","Snmp","COMVERSE","Unknown","","","6.0.10","0","","",""
"coriant-dnx","Available","Snmp","Coriant","Unknown","coriant-dnx","","6.0.10","0","","",""
"cyan-cyms","Available","Tl1","Cyan Optics","MSPP","CYMS","","6.0.10","0","","",""
"cyan-z33","Available","Snmp","cyan","Unknown","cyan","","6.0.10","0","","",""
"d-link-des-3226l","Available","Snmp","D-LINK","Switch","DES-3226L SWITCH","","6.0.10","0","","",""
"dantel-pointmaster-eagle","Available","Snmp","Dantel","Unknown","PointMaster","","6.0.10","0","","",""
"dantel-webmon","Available","Snmp","Dantel Inc.","Manager","WEBMON MATRIX","","6.0.10","0","","",""
"dataprobe-ipio-8-v2","Available","Snmp","Dataprobe Inc.","Unknown","iPIO-8","","6.0.10","0","","",""
"dataprobe-ipio-8","Available","Snmp","Dataprobe Inc.","Unknown","iPIO-8","","6.0.10","0","","",""
"dell-5324","Available","Snmp","Dell PowerConnect,Inc","Switch","Dell PowerConnect 5324","","6.0.10","0","","",""
"dell-equallogic-san","Available","Snmp","DELL EqualLogic, Inc.","SAN","PS Series SAN Equipment","","6.0.10","0","","",""
"dell-openmanager","Available","Snmp","Dell","Manager","OpenManage Server Administrator","","6.0.10","0","","",""
"dell-powerconnect","Available","Snmp","DELL EqualLogic, Inc.","Switch","PowerConnect","","6.0.10","0","","",""
"dell-poweredge-2850","Available","Snmp","DELL EqualLogic, Inc.","Server","PowerEdge-2850","","6.0.10","0","","",""
"dell-rac","Available","Snmp","DELL EqualLogic, Inc.","Unknown","IDRAC","","6.0.10","0","","",""
"des-3226l","Available","Snmp","D-LINK","Switch","DES-3226L SWITCH","","6.0.10","0","","",""
"doc3.0-cisco-cbr8","Available","Snmp","Cisco","CMTS","Cisco-cbr8","","6.0.10","0","","",""
"docs3.0-arris-c4","Available","Snmp","ARRIS","CMTS","ARRIS C4 CMTS","","6.0.10","0","","",""
"docs3.0-arris-modem","Available","Snmp","ARRIS","Cable Modem","Arris Modem","","6.0.10","0","","",""
"docs3.0-cisco-7100","Available","Snmp","Cisco Systems, Inc","CMTS","Cisco CMTS Universal Broadband Router 7100 series","","6.0.10","0","","",""
"docs3.0-cisco-7225","Available","Snmp","Cisco Systems, Inc","CMTS","Cisco 7225 Router","","6.0.10","0","","",""
"docs3.0-cisco-modem-epc2325","Available","Snmp","Cisco","Cable Modem","Cisco EPC2325","","6.0.10","0","","",""
"docs3.0-cisco-modem-epc2425","Available","Snmp","Cisco","Cable Modem","Cisco EPC2425","","6.0.10","0","","",""
"docs3.0-cisco-modem-epc3925","Available","Snmp","Cisco","Cable Modem","Cisco EPC3925","","6.0.10","0","","",""
"docs3.0-cisco-ubr-10012","Available","Snmp","Cisco Systems, Inc","CMTS","Cisco UBR 10012","","6.0.10","0","","",""
"docs3.0-cisco-ubr-7223","Available","Snmp","Cisco Systems, Inc","CMTS","Cisco UBR 7223","","6.0.10","0","","",""
"docs3.0-cisco-ubr-7246-vxr","Available","Snmp","Cisco Systems, Inc","CMTS","Cisco UBR 7246 VXR","","6.0.10","0","","",""
"docs3.0-cisco-ubr-7246","Available","Snmp","Cisco Systems, Inc","CMTS","Cisco UBR 7246","","6.0.10","0","","",""
"docs3.0-motorola-bsr-64000","Available","Snmp","Motorola","CMTS","Motorola BSR 64000","","6.0.10","0","","",""
"docs3.0-motorola-dsr","Available","Snmp","Motorola","CMTS","Motorola DSR series receivers","","6.0.10","0","","",""
"docs3.0-motorola-modem-sb5101n","Available","Snmp","Motorola","Cable Modem","Motorola SB5101N","","6.0.10","0","","",""
"docs3.0-motorola-modem-sb5101ne","Available","Snmp","Motorola","Cable Modem","Motorola SB5101NE","","6.0.10","0","","",""
"docs3.0-motorola-modem","Available","Snmp","Motorola","Cable Modem","Motorola Modem","","6.0.10","0","","",""
"docs3.0-technicolor-modem","Available","Snmp","Technicolor","Cable Modem","Technicolor TC7200","","6.0.10","0","","",""
"docs3.0-thomson-modem-tcw750-4","Available","Snmp","Thomson","Cable Modem","Thomson TCW750-4","","6.0.10","0","","",""
"docs3.0-thomson-modem-tcw770","Available","Snmp","Thomson","Cable Modem","Thomson TCW770","","6.0.10","0","","",""
"docs3.0-thomson-modem-tcw850-4","Available","Snmp","Thomson","Cable Modem","Thomson TCW850-4","","6.0.10","0","","",""
"docs3.0-thomson-modem","Available","Snmp","Thomson","Cable Modem","Thomson Modem","","6.0.10","0","","",""
"dps-ng420","Available","Snmp","DPS Telecom","Unknown","DPS Telecom NetGuardian 420","","6.0.10","0","","",""
"dps-ng480","Available","Snmp","DPS Telecom","Unknown","DPS Telecom NetGuardian 480","","6.0.10","0","","",""
"dps-ng832a","Available","Snmp","DPS Telecom","Unknown","DPS Telecom NetGuardian 832A","","6.0.10","0","","",""
"dragonwave-horizon-compact","Available","Snmp","Dragonwave","Microwave Radio","Horizon Compact","","6.0.10","0","","",""
"dragonwave-horizon-quantum","Available","Snmp","Dragonwave Inc","Microwave Radio","MICROWAVE_RADIO","","6.0.10","0","","",""
"eastern-research-dacs","Available","Snmp","Eastern Research, Inc","DCS","Eastern Research DACS","","6.0.10","0","","",""
"eaton-powerware-9155","Available","Snmp","Eaton","UPS","Powerware-9155","","6.0.10","0","","",""
"eaton-powerxpertcard-ups","Available","Snmp","Eaton","UPS","PowerXpertUps","","6.0.10","0","","",""
"eci-9700","Available","Snmp","ECI Telecom","Router","ECI-9700 series","","6.0.10","0","","",""
"eci-st200","Available","Snmp","ECI Telecom","Router","ECI-ST200","","6.0.10","0","","",""
"eci-st50","Available","Snmp","ECI Telecom","Router","ECI-ST50","","6.0.10","0","","",""
"ekinops-c200hc","Available","Snmp","Ekinops","Unknown","Ekinops C200HC","","6.0.10","0","","",""
"electroline-dht-transponder","Available","Snmp","Electroline","Unknown","Electroline DHT Transponder","","6.0.10","0","","",""
"eltekhe-fp","Available","Snmp","eltek","Unknown","powersystem","","6.0.10","0","","",""
"ericsson-ecn320","Available","Snmp","Ericsson","Switch","ECN320","","6.0.10","0","","",""
"ericsson-ecn330","Available","Snmp","Ericsson","Switch","ECN330","","6.0.10","0","","",""
"ericsson-edn312p","Available","Snmp","Ericsson","DSLAM","EDN312P","","6.0.10","0","","",""
"ericsson-edn312xp","Available","Snmp","Ericsson","DSLAM","EDN312XP","","6.0.10","0","","",""
"ericsson-edn612","Available","Snmp","Ericsson","DSLAM","EDN612","","6.0.10","0","","",""
"ericsson-epn212","Available","Snmp","Ericsson","Unknown","EPN212","","6.0.10","0","","",""
"ericsson-esn108","Available","Snmp","Ericsson","Switch","ESN108","","6.0.10","0","","",""
"ericsson-esn212","Available","Snmp","Ericsson","Switch","ESN212","","6.0.10","0","","",""
"ericsson-esn410","Available","Snmp","Ericsson","Switch","ESN410","","6.0.10","0","","",""
"ericsson-evr","Available","Snmp","Ericsson","Virtual Machine","EVR","","6.0.10","0","","",""
"ericsson-exn104","Available","Snmp","Ericsson","Unknown","EXN104","","6.0.10","0","","",""
"ericsson-ggsn","Available","Snmp","Ericsson","Router","GGSN","","6.0.10","0","","",""
"ericsson-rx8300","Available","Snmp","Ericsson Rx8320-Rx8330","Unknown","Ericsson Rx8320-Rx8330","","6.0.10","0","","",""
"ericsson-se600","Available","Snmp","Ericsson","Router","SE600","","6.0.10","0","","",""
"ericsson-se800","Available","Snmp","Ericsson","Router","SE800","","6.0.10","0","","",""
"ericsson-sgsn","Available","Snmp","Ericsson","Agent","SGSN","","6.0.10","0","","",""
"evertz-7800","Available","Snmp","Evertz","Unknown","evertz-fc","","6.0.10","0","","",""
"extreme-blackdiamond-10808","Available","Snmp","Extreme Networks, Inc.","Switch","BlackDiamond 10808","","6.0.10","0","","",""
"extreme-blackdiamond-12000","Available","Snmp","Extreme Networks, Inc.","Switch","BlackDiamond 12000","","6.0.10","0","","",""
"extreme-blackdiamond-20800","Available","Snmp","Extreme Networks, Inc.","Switch","BlackDiamond 20800","","6.0.10","0","","",""
"extreme-blackdiamond-8800","Available","Snmp","Extreme Networks, Inc.","Switch","BlackDiamond 8800","","6.0.10","0","","",""
"extreme-summit-x150","Available","Snmp","Extreme Networks, Inc.","Switch","Summit x150","","6.0.10","0","","",""
"extreme-summit-x200","Available","Snmp","Extreme Networks, Inc.","Switch","Summit x200","","6.0.10","0","","",""
"extreme-summit-x24","Available","Snmp","Extreme Networks, Inc.","Switch","Summit x24","","6.0.10","0","","",""
"extreme-summit-x250","Available","Snmp","Extreme Networks, Inc.","Switch","Summit x250","","6.0.10","0","","",""
"extreme-summit-x300","Available","Snmp","Extreme Networks, Inc.","Switch","Summit x300","","6.0.10","0","","",""
"extreme-summit-x350","Available","Snmp","Extreme Networks, Inc.","Switch","Summit x350","","6.0.10","0","","",""
"extreme-summit-x400","Available","Snmp","Extreme Networks, Inc.","Switch","Summit x400","","6.0.10","0","","",""
"extreme-summit-x430","Available","Snmp","Extreme Networks, Inc.","Switch","Summit x430","","6.0.10","0","","",""
"extreme-summit-x440","Available","Snmp","Extreme Networks, Inc.","Switch","Summit x440","","6.0.10","0","","",""
"extreme-summit-x450","Available","Snmp","Extreme Networks, Inc.","Switch","Summit x450","","6.0.10","0","","",""
"extreme-summit-x460","Available","Snmp","Extreme Networks, Inc.","Switch","Summit x460","","6.0.10","0","","",""
"extreme-summit-x48","Available","Snmp","Extreme Networks, Inc.","Switch","Summit x48","","6.0.10","0","","",""
"extreme-summit-x480","Available","Snmp","Extreme Networks, Inc.","Switch","Summit x480","","6.0.10","0","","",""
"extreme-summit-x5","Available","Snmp","Extreme Networks, Inc.","Switch","Summit x5","","6.0.10","0","","",""
"extreme-summit-x670","Available","Snmp","Extreme Networks, Inc.","Switch","Summit x670","","6.0.10","0","","",""
"f5-big-ip","Available","Snmp","F5","Load Balancer","BIG IP IP Load Balancer/Failover Manager","","6.0.10","0","","",""
"fieldserver-quickserver","Available","Snmp","FieldServer","Gateway","Fieldserver-Quickserver","","6.0.10","0","","",""
"force-inc-teleport","Available","Snmp","Force Inc","ONU","Force Inc L-Band3000","","6.0.10","0","","",""
"force10-s50v","Available","Snmp","FORCE10","Switch","force10-s50v","","6.0.10","0","","",""
"fortinet-fortigate","Installed","Snmp","FortiNet, Inc","Firewall","Fortinet Fortigate","6.0.13","6.0.13","1","enabled","enabled","Wed Jun 28 22:35:41 EDT 2017"
"foundry-bigiron-rx","Available","Snmp","Foundry Networks","Switch","Foundry BigIron RX Series","","6.0.10","0","","",""
"foundry-brocade-mlx","Available","Snmp","Foundry Networks","Router","Foundry Brocade MLX Series","","6.0.10","0","","",""
"foundry-fastiron-edge-448","Available","Snmp","Foundry Networks","Switch","Foundry FastIron Edge X Series","","6.0.10","0","","",""
"foundry-netiron-mlx-8","Available","Snmp","Foundry Networks","Router","Foundry NetIron MLX Series","","6.0.10","0","","",""
"foundry-netiron-xmr","Available","Snmp","Foundry Networks","Router","Foundry NetIron XMR Series","","6.0.10","0","","",""
"foundry-rx16","Available","Snmp","Foundry Networks","Switch","Foundry BigIron RX Series","","6.0.10","0","","",""
"foundry-rx4","Available","Snmp","Foundry Networks","","Foundry BigIron RX Series","","6.0.10","0","","",""
"foundry-rx8","Available","Snmp","Foundry Networks","Switch","Foundry BigIron RX Series","","6.0.10","0","","",""
"fujitsu-flashwave-4100","Available","Tl1","Fujitsu","MSPP","flashwave-4100","","6.0.11","0","","",""
"fujitsu-flashwave-4100es","Available","Tl1","Fujitsu","MSPP","flashwave-4100es","","6.0.11","0","","",""
"fujitsu-flashwave-4300","Available","Tl1","Fujitsu","ADM","flashwave-4300","","6.0.11","0","","",""
"fujitsu-flashwave-4500","Available","Tl1","Fujitsu","MSPP","4500,4100es,4100,4300,7120,7420,9500,9500-coe,cds","","6.0.11","0","","",""
"fujitsu-flashwave-5305","Available","Snmp","fujitsu","Unknown","FUJITSU-FLASHWAVE-5305","","6.0.11","0","","",""
"fujitsu-flashwave-5310","Available","Snmp","Fujitsu","Unknown","Flashwave-5310","","6.0.11","0","","",""
"fujitsu-flashwave-7120","Available","Tl1","Fujitsu","DWDM","FLASHWAVE_7120","","6.0.11","0","","",""
"fujitsu-flashwave-7420","Available","Snmp","Fujitsu","DWDM","flashwave-7420","","6.0.11","0","","",""
"fujitsu-flashwave-9500-coe","Available","Tl1","Fujitsu COE","ONU","flashwave-9500-coe","","6.0.11","0","","",""
"fujitsu-flashwave-9500-r9","Available","Tl1","Fujitsu","ONU","flashwave-9500","","6.0.11","0","","",""
"fujitsu-flashwave-9500","Available","Tl1","Fujitsu","ONU","flashwave-9500","","6.0.11","0","","",""
"fujitsu-flashwave-cds-r6","Available","Tl1","Fujitsu","ONU","flashwave-cds","","6.0.11","0","","",""
"fujitsu-flashwave-cds","Available","Tl1","Fujitsu","ONU","flashwave-cds","","6.0.11","0","","",""
"fujitsu-flexihaul","Available","Snmp","Fujitsu","Unknown","Fujitsu Flexihaul 8100,8300,8500","","6.0.10","0","","",""
"fujitsu-flm-150","Available","Tl1","Fujitsu","ADM","FLM","","6.0.10","0","","",""
"fujitsu-flm-2400","Available","Tl1","Fujitsu","ADM","FLM","","6.0.10","0","","",""
"fujitsu-flm-600","Available","Tl1","Fujitsu","ADM","FLM600","","6.0.10","0","","",""
"fujitsu-flm","Available","Tl1","Fujitsu","ADM","FLM","","6.0.10","0","","",""
"fujitsu-frx","Available","Snmp","FUJITSU","Unknown","FRX-3E","","6.0.10","0","","",""
"fujitsu-fw","Available","Tl1","Fujitsu","ADM","FlashWave","","6.0.10","0","","",""
"genband-g6","Available","Snmp","Genband","Gateway","Genband G6","","6.0.10","0","","",""
"generic-docsis-modem","Available","Snmp","UNKNOWN","Cable Modem","Generic DOCSIS Cable Modem","","6.0.10","0","","",""
"generic-docsis3.0-modem","Available","Snmp","UNKNOWN","Cable Modem","Generic DOCSIS 3.0 Cable Modem","","6.0.10","0","","",""
"generic-server","Available","Snmp","","Server","Generic Server","","6.0.10","0","","",""
"generic-snmp","Installed","Snmp","UNKNOWN","Unknown","Generic SNMP","6.0.10","6.0.10","0","enabled","enabled","Wed Jun 28 22:33:58 EDT 2017"
"harmonic-nsg-9000","Available","Snmp","Harmonic Inc","Unknown","NSG-9000","","6.0.10","0","","",""
"harmonic-promedia-2100","Available","Snmp","Harmonics","Unknown","Promedia","","6.0.10","0","","",""
"harmonic-prostream","Available","Snmp","Harmonic Inc","Video Platform","Prostream","","6.0.10","0","","",""
"harmonic-proview-7110","Available","Snmp","Harmonic Inc","Video Platform","proview-7110","","6.0.10","0","","",""
"harmonics-nmx","Available","Snmp","Harmonic Inc","Manager","NMX","","6.0.10","0","","",""
"hatteras-hn400","Available","Snmp","Hatteras Networks,Inc","Switch","HN400","","6.0.10","0","","",""
"hatteras-hn4000","Available","Snmp","Hattera Networks,Inc","Switch","Hatteras-HN4000","","6.0.10","0","","",""
"hp-laserjet","Available","Snmp","Hewlett Packard","Unknown","HP-Laserjet-1536dnf-MFP","","6.0.10","0","","",""
"hp-procurve-2512","Available","Snmp","Hewlett Packard","Switch","HP-ProCurve-2512 Switch","","6.0.10","0","","",""
"huawei-ar-160","Available","Snmp","Huawei","Router","Huawei AR-100 Series","","6.0.10","0","","",""
"huawei-cmc","Available","Snmp","Huawei","CMTS","SmartAX MA5800","","6.0.10","0","","",""
"huawei-cx600","Available","Snmp","Huawei","Router","cx600","","6.0.10","0","","",""
"huawei-m2000","Available","Corba","Huawei Technologies","Manager","Huawei M2000","","6.0.10","0","","",""
"huawei-ma5600t","Available","Snmp","Huawei Technologies","OLT","MA5600T","","6.0.10","0","","",""
"huawei-ma5633","Available","Snmp","huawei","CMTS","MA5633","","6.0.10","0","","",""
"huawei-ne40e","Available","Snmp","Huawei","Router","ne40e","","6.0.10","0","","",""
"huawei-onu-5600","Available","Snmp","Huawei Technologies","ONU","MA5616, MA5612, MA5622","","6.0.10","0","","",""
"huawei-optix-osn-3800","Available","Tl1","Huawei","MSPP","Optix OSN 3800","","6.0.10","0","","",""
"huawei-optix-osn-6800","Available","Tl1","Huawei","MSPP","Optix OSN 6800","","6.0.10","0","","",""
"huawei-u2000","Available","Corba","Huawei Technologies","Manager","Huawei U2000","","6.0.10","0","","",""
"ibm-as400","Available","Snmp","IBM","Server","AS/400","","6.0.10","0","","",""
"ibm-system-x3550","Available","Snmp","IBM","Manager","ibm system x3550","","6.0.10","0","","",""
"inca-4420","Available","Snmp","Inca Networks","Unknown","INCA-4420/4430","","6.0.10","0","","",""
"incognito-bcc","Available","Snmp","INCOGNITO","Unknown","BCC","","6.0.10","0","","",""
"ineoquest","Available","Snmp","IneoQuest Technologies, Inc","Manager","iVMS","","6.0.10","0","","",""
"infinera-atn","Installed","Snmp","Infinera","DWDM","ATN","6.0.11","6.0.11","0","enabled","enabled","Thu Jun 29 00:51:07 EDT 2017"
"infinera-dtn","Available","Tl1","Infinera","MUX","DTN","","6.0.12","0","","",""
"infoblox-250a","Available","Snmp","Infoblox, Inc.","Server","ib250a","","6.0.10","0","","",""
"infoblox-ib1050a","Available","Snmp","Infoblox, Inc.","Server","ib1050a,infloblox-1400,inflobox-1410","","6.0.10","0","","",""
"ipasolink","Available","Snmp","NEC","Microwave Radio","ipasolink","","6.0.10","0","","",""
"ipitek-msp10g","Available","Snmp","IPiTEK","Switch","IPiTEK MSP-10GE Ethernet Transporter","","6.0.10","0","","",""
"ironport-antispam-server","Available","Snmp","Cisco Systems,Inc","Server","ironport-antispam-server","","6.0.10","0","","",""
"itl-mon-950","Available","Snmp","ITL","Unknown","International Tower Lighting MON-950","","6.0.10","0","","",""
"jdsu-pathtrak-hcu200","Available","Snmp","JDSU","Server","Integrated ReturnPath Monitoring Module","","6.0.10","0","","",""
"juniper-erx","Available","Snmp","Juniper Networks","Router","ERX","","6.0.10","0","","",""
"juniper-ex2200","Available","Snmp","Juniper","Switch","EX2200","","6.0.10","0","","",""
"juniper-ex3200","Available","Snmp","Juniper Networks","Switch","EX3200","","6.0.10","0","","",""
"juniper-ex4200","Available","Snmp","Juniper Networks, Inc","Switch","Juniper EX4200 Switch","","6.0.10","0","","",""
"juniper-ex4300","Available","Snmp","Juniper Networks, Inc","Switch","Juniper EX4300 Switch","","6.0.10","0","","",""
"juniper-ex4500","Available","Snmp","Juniper","Switch","EX4500","","6.0.10","0","","",""
"juniper-ex4600","Available","Snmp","Juniper Networks","Switch","juniper-ex4600","","6.0.10","0","","",""
"juniper-j2320","Available","Snmp","Juniper Networks","Router","j2320","","6.0.10","0","","",""
"juniper-j2350","Available","Snmp","Juniper Networks","Router","J2350","","6.0.10","0","","",""
"juniper-jnx250","Available","Snmp","Juniper Networks","Unknown","Jnx250","","6.0.10","0","","",""
"juniper-m10i","Available","Snmp","Juniper Networks","Router","M10i","","6.0.10","0","","",""
"juniper-m120","Available","Snmp","Juniper Networks","Router","M120","","6.0.10","0","","",""
"juniper-mx-104","Available","Snmp","Juniper Networks, Inc","Router","MX104 Ethernet Services Router","","6.0.10","0","","",""
"juniper-mx-240","Available","Snmp","Juniper Networks, Inc","Router","MX240 Ethernet Services Router","","6.0.10","0","","",""
"juniper-mx-480","Available","Snmp","Juniper Networks, Inc","Router","MX480 Ethernet Services Router","","6.0.10","0","","",""
"juniper-mx-5","Available","Snmp","Juniper Networks, Inc","Router","MX5 Ethernet Services Router","","6.0.10","0","","",""
"juniper-mx-80-48T","Available","Snmp","Juniper Networks, Inc","Router","MX80-48T Ethernet Services Router","","6.0.10","0","","",""
"juniper-mx-80-T","Available","Snmp","Juniper Networks, Inc","Router","MX-80 T","","6.0.10","0","","",""
"juniper-mx-960","Available","Snmp","Juniper Networks, Inc","Router","MX960 Ethernet Services Router","","6.0.10","0","","",""
"juniper-netscreen-5gt","Available","Snmp","Juniper Networks","Firewall","NetScreen-5GT","","6.0.10","0","","",""
"juniper-netscreen-isg2000","Available","Snmp","Juniper Networks","Firewall","NetScreen-ISG 2000","","6.0.10","0","","",""
"juniper-ptx3000","Available","Snmp","Juniper Networks","Router","PTX3000","","6.0.10","0","","",""
"juniper-ptx5000","Available","Snmp","Juniper Networks","Switch","PTX5000","","6.0.10","0","","",""
"juniper-ptx9000","Available","Snmp","Juniper Networks","Switch","PTX9000","","6.0.10","0","","",""
"juniper-sa-2500","Available","Snmp","Juniper Networks","VPN","SA-2500","","6.0.10","0","","",""
"juniper-srx-1400","Available","Snmp","Juniper Networks","Gateway","SRX-1400","","6.0.10","0","","",""
"juniper-srx-240","Available","Snmp","Juniper Networks","Gateway","SRX 210-240","","6.0.10","0","","",""
"juniper-srx-3600","Available","Snmp","Juniper Networks","Gateway","SRX-3600","","6.0.10","0","","",""
"juniper-srx-650","Available","Snmp","Juniper Networks","Gateway","SRX-650","","6.0.10","0","","",""
"juniper-ssg-550m","Available","Snmp","Juniper Networks","Firewall","SSG-550M","","6.0.10","0","","",""
"juniper-vsrx","Available","Snmp","Juniper","Firewall","Juniper vSRX","","6.0.10","0","","",""
"kohler-snmp-converter","Available","Snmp","Sierra Monitor Corporation","Unknown","Modbus SNMP Converter","","6.0.10","0","","",""
"ktech-dvm-150e","Available","Snmp","KTech Telecommunications, Inc.","DTV Receiver","DTV_RECEIVER","","6.0.10","0","","",""
"ktech-dvm-3300","Available","Snmp","KTech Telecommunications, Inc.","Unknown","DVM","","6.0.10","0","","",""
"lenel","Available","Snmp","Lenel Systems International, Inc","Unknown","Security System","","6.0.10","0","","",""
"liebert-ups-300","Available","Snmp","Liebert Corporation","UPS","Liebert UPS 300","","6.0.10","0","","",""
"liebert-ups","Available","Snmp","Liebert Corporation","UPS","Liebert UPS","","6.0.10","0","","",""
"lineagepower-cps6000","Available","Snmp","Lineage Power","Power Equipment","CPS 6000","","6.0.10","0","","",""
"lineagepower-pulsaredge-841","Available","Snmp","Lineage Power","Power Equipment","Galaxy Pulsar Edge","","6.0.10","0","","",""
"lineagepowersystems-ne843","Available","Snmp","Lineage Power Systems,Inc.","Power Equipment","lineagepowersystems-ne843","","6.0.10","0","","",""
"linux-server","Available","Snmp","Linux","Server","Linux Server","","6.0.10","0","","",""
"lms-1000","Available","Snmp","Emerson Network Power","Manager","LMS-1000","","6.0.10","0","","",""
"logstash-test","Available","Snmp","Centina Systems, Inc","Unknown","Centina logstash","","6.0.10","0","","",""
"lucent-5ess","Available","Ascii","Lucent","Switch","5ESS","","6.0.10","0","","",""
"lucent-gtd5","Available","Ascii","Lucent","Switch","GTD5","","6.0.10","0","","",""
"lucent-lcs5010","Available","Snmp","Alcatel-Lucent","Switch","lcs5010","","6.0.10","0","","",""
"lucent-metro-eon-1694","Available","Tl1","Alcatel-Lucent","DWDM","1694 EON","","6.0.10","0","","",""
"lucent-omp","Available","Ascii","Lucent","Switch","OMP","","6.0.10","0","","",""
"lucent-stinger-fs","Available","Snmp","Alcatel-Lucent","DSLAM","Stinger FS","","6.0.10","0","","",""
"lucent-stinger-mrt","Available","Snmp","Alcatel-Lucent","DSLAM","Stinger MRT","","6.0.10","0","","",""
"lucent-wavestar-10g","Available","Tl1","Alcatel-Lucent","MSPP","WaveStar 10G","","6.0.10","0","","",""
"lucent-wavestar-2.5g","Available","Tl1","Alcatel-Lucent","MSPP","WaveStar 2.5G","","6.0.10","0","","",""
"lucent-wavestar-ols","Available","Tl1","Alcatel-Lucent","MSPP","WaveStar OLS","","6.0.10","0","","",""
"marconi-discs","Available","Tl1","Marconi","DLC","DISC*S","","6.0.10","0","","",""
"marconiasx-1000","Available","Snmp","Ericsson","Switch","ASX-1000","","6.0.10","0","","",""
"meinberg-lantime","Available","Snmp","MEINBERG","Server","Time server","","6.0.10","0","","",""
"meriton-3300","Available","Tl1","Meriton Networks","MSTP","3300 OSU","","6.0.10","0","","",""
"metaswitch-ems-D","Available","Snmp","MetaSwitch","Manager","MetaSwitch EMS","","6.0.10","0","","",""
"metaswitch-ems","Available","Snmp","MetaSwitch","Manager","EMS","","6.0.10","0","","",""
"mge-galaxy-ups","Available","Snmp","APC","UPS","MGE GALAXY 4000","","6.0.10","0","","",""
"microsoft-windows","Available","Snmp","Microsoft Corporation","Server","Windows","","6.0.10","0","","",""
"mikrotik-1100","Available","Snmp","Mikrotik","Router","Mikrotik-RB1100","","6.0.10","0","","",""
"minuteman-ups","Available","Snmp","Minuteman","UPS","Ups","","6.0.10","0","","",""
"motorola-apex","Available","Snmp","Motorola, Inc","Unknown","APEX","","6.0.10","0","","",""
"motorola-astria-cp-1216","Available","Snmp","Motorola, Inc","Video Processor","Astria CP-1216","","6.0.10","0","","",""
"motorola-astria-cp-406","Available","Snmp","Motorola, Inc","Video Processor","Astria CP-406","","6.0.10","0","","",""
"motorola-bsr-64000","Available","Snmp","Motorola","CMTS","Motorola BSR 64000","","6.0.10","0","","",""
"motorola-dm6400","Available","Snmp","Motorola","Video Processor","Motorola DM 6400 CherryPicker","","6.0.10","0","","",""
"motorola-dsr-4440","Available","Snmp","Motorola","DTV Receiver","Motorola-dsr4440","","6.0.10","0","","",""
"motorola-dsr-4460","Available","Snmp","Motorola","DTV Receiver","dsr-4460","","6.0.10","0","","",""
"motorola-dsr","Available","Snmp","Motorola","CMTS","Motorola DSR series receivers","","6.0.10","0","","",""
"motorola-modem-sb5101n","Available","Snmp","Motorola","Cable Modem","Motorola SB5101N","","6.0.10","0","","",""
"motorola-modem-sb5101ne","Available","Snmp","Motorola","Cable Modem","Motorola SB5101NE","","6.0.10","0","","",""
"motorola-modem","Available","Snmp","Motorola","Cable Modem","Motorola Modem","","6.0.10","0","","",""
"motorola-se5011","Available","Snmp","Motorola","Unknown","SE-5011","","6.0.10","0","","",""
"motorola-sem","Available","Snmp","Motorola","Unknown","SEM","","6.0.10","0","","",""
"nagios-pm","RPM install failed","None","UNKNOWN","Unknown","","6.0.10","6.0.10","0","enabled","enabled","Sun Jun 18 20:11:25 EDT 2017"
"nec-inc-100ms","Available","Corba","NEC","Manager","INC-100MS","","6.0.10","0","","",""
"nec-nlite-e","Available","Snmp","NEC","Microwave Radio","NLite","","6.0.10","0","","",""
"nec-nlite-n","Available","Snmp","NEC","Microwave Radio","NLite-N","","6.0.10","0","","",""
"nec-nlite","Available","Snmp","NEC","Microwave Radio","NLite","","6.0.10","0","","",""
"nec-nlite155","Available","Snmp","NEC","Microwave Radio","NLite 155","","6.0.10","0","","",""
"nec-nlite45","Available","Snmp","NEC","Microwave Radio","NLite 45","","6.0.10","0","","",""
"nera-etherlink-ver1.0","Available","Snmp","Nera Inc","Microwave Radio","Etherlink-T","","6.0.10","0","","",""
"nera-etherlink","Available","Snmp","Nera Inc","Microwave Radio","Etherlink-T","","6.0.10","0","","",""
"nera-evolution","Available","Snmp","NERA","Microwave Radio","NERA-Evolution","","6.0.10","0","","",""
"netapp-f820","Available","Snmp","NetApp","SAN","NetApp F820 Filer","","6.0.10","0","","",""
"netapp-fas3020","Available","Snmp","NetApp","SAN","NetApp FAS3020 Clustered Filer","","6.0.10","0","","",""
"netiron-cer","Available","Snmp","Brocade","Router","netiron-cer","","6.0.10","0","","",""
"netiron-ces","Available","Snmp","Brocade Communications Systems","Switch","NetIron CES","","6.0.10","0","","",""
"netomnia-server","Installed","Snmp","Centina Systems Inc.","Server","","","6.0.10","2","enabled","enabled","Wed Jun 28 22:34:14 EDT 2017"
"netscreen-firewall","Available","Snmp","Juniper Networks","Firewall","netscreen","","6.0.10","0","","",""
"next-level","Available","Snmp","Next Level","Switch","Next Level","","6.0.10","0","","",""
"nokia-siemens-7300","Available","Tl1","Nokia Siemens Networks","DWDM","*","","6.0.10","0","","",""
"nokia-siemens","Available","Snmp","Nokia Siemens Networks","Manager","TNMS-C","","6.0.10","0","","",""
"norscan-cms-4200","Available","Snmp","Norscan,Inc","Unknown","Norscan-cms-4200","","6.0.10","0","","",""
"nortel-5530","Available","Snmp","Nortel Networks","Switch","5530","","6.0.10","0","","",""
"nortel-accessnode","Available","Tl1","Nortel","MSPP","AccessNode","","6.0.10","0","","",""
"nortel-cpl","Available","Tl1","NORTEL","DWDM","Common Photonic Layer","","6.0.10","0","","",""
"nortel-cs-1500","Available","Ascii","Nortel","Switch","CS 1500","","6.0.10","0","","",""
"nortel-cs2000","Available","Snmp","Nortel Networks","IP_PBX","CS2000","","6.0.10","0","","",""
"nortel-dfms","Available","Ascii","Nortel","Manager","DFMS","","6.0.10","0","","",""
"nortel-dms-10","Available","Ascii","Nortel","Switch","cs-1500,dms,dms-10","","6.0.10","0","","",""
"nortel-dms","Available","Ascii","Nortel","Switch","DMS","","6.0.10","0","","",""
"nortel-ethernet-routing-switch-8600","Available","Snmp","Nortel","Switch","Ethernet Routing Switch 8600","","6.0.10","0","","",""
"nortel-gsm-umts-atca-cs","Available","Ascii","Nortel","Switch","GSM UMTS ATCA-CS","","6.0.10","0","","",""
"nortel-gsm-umts-atca-hlr","Available","Ascii","Nortel","Switch","GSM UMTS ATCA-HLR","","6.0.10","0","","",""
"nortel-gsm-umts-mg","Available","Ascii","Nortel","Switch","GSM UMTS MG","","6.0.10","0","","",""
"nortel-mscarrier-mscpassport","Available","Snmp","Nortel Networks","MSSP","Nortel MsCcarrier-MscPassport","","6.0.10","0","","",""
"nortel-om-3000-np","Available","Tl1","NORTEL","MSPP",".*Metro 3000.*","","6.0.10","0","","",""
"nortel-om-3500","Available","Tl1","NORTEL","MSPP",".*Metro 3500.*","","6.0.10","0","","",""
"nortel-om-5200","Available","Tl1","NORTEL","MSTP","Optical Metro.*","","6.0.10","0","","",""
"nortel-ome-6110","Available","Tl1","NORTEL","MSTP",".*Multiservice Edge 6110.*","","6.0.10","0","","",""
"nortel-ome-6130","Available","Tl1","NORTEL","MSTP",".*Multiservice Edge 6130.*","","6.0.10","0","","",""
"nortel-ome-6500","Available","Tl1","NORTEL","MSTP","Optical Multiservice Edge 6500.*","","6.0.10","0","","",""
"nortel-opc","Available","Tl1","Nortel","Agent","OPC","","6.0.10","0","","",""
"nortel-optera-metro","Available","Tl1","Nortel","MSPP","OPTera Metro","","6.0.10","0","","",""
"nortel-sdmn-oc192","Available","Tl1","Nortel","MSPP","SDMN-OC192","","6.0.10","0","","",""
"nortel-sdms-oc12","Available","Tl1","Nortel","MSPP","SDMS-OC12","","6.0.10","0","","",""
"nortel-sdms-oc3","Available","Tl1","Nortel","MSPP","SDMS-OC3","","6.0.10","0","","",""
"nortel-sdms-oc48","Available","Tl1","Nortel","MSPP","SDMS-OC48","","6.0.10","0","","",""
"nortel-universal-sp","Available","Ascii","Nortel","Switch","Universal Signaling Point","","6.0.10","0","","",""
"nortel-wnms","Available","Ascii","Nortel","Manager","WNMS","","6.0.10","0","","",""
"nsn-netact","Available","Corba","Nokia Seimens","Manager","NSN Netact EMS","","6.0.10","0","","",""
"ntest-fiberwatch","Available","Snmp","NTEST","Unknown","Fiber Watch","","6.0.10","0","","",""
"nuera","Available","Snmp","Nuera","Gateway","Nuera BTX 4K","","6.0.10","0","","",""
"occam-blc-6000","Available","Snmp","Occam Networks","BLC","Occam BLC","","6.0.10","0","","",""
"occam-on2342","Available","Snmp","Occam Networks","Unknown","ON2342","","6.0.10","0","","",""
"occam-on2364","Available","Snmp","Occam Networks","Unknown","ON2364","","6.0.10","0","","",""
"occam-view","Available","Snmp","Occam Networks","Manager","Occamview","","6.0.10","0","","",""
"omnitron-cwdm","Available","Snmp","Omnitron Systems","MUX","omnitron-cwdm","","6.0.10","0","","",""
"open-vswitch","Available","Api","OpenDayLight","","","","6.0.10","0","","",""
"opendaylight","Available","Api","OpenDayLight","","","","6.0.10","0","","",""
"openstack","Available","Api","OpenStack","","","","6.0.10","0","","",""
"opterna-am-omni2000","Available","Snmp","Opterna AM","Manager","Omni2000","","6.0.10","0","","",""
"optima-tele","Available","Snmp","Optima Tele.com, Inc.","Switch","Optima Tlan","","6.0.10","0","","",""
"overture-isg-1400","Available","Snmp","OVERTURE","MSPP","ISG-1400","","6.0.10","0","","",""
"packeteer-packetshaper","Available","Snmp","Packeteer","PacketShaper","PacketShaper","","6.0.10","0","","",""
"paradyne-grandslam-4200-atm","Available","Snmp","Paradyne","DSLAM","GranDSLAM 4200 ATM","","6.0.10","0","","",""
"peerapp","Available","Snmp","PeerApp","Server","PeerApp Server","","6.0.10","0","","",""
"phoenix-contactagent","Available","Snmp","Phoenix Broadband","Agent","ContactAgent","","6.0.10","0","","",""
"phoenix-controller","Available","Snmp","Lineage Power","Rectifier","phoenix-ii-controller","","6.0.10","0","","",""
"procera-packetlogic","Available","Snmp","Procera Networks","Unknown","PacketLogic","","6.0.10","0","","",""
"quadro","Available","Snmp","Epygi Technologies","IP_PBX","IP_PBX","","6.0.10","0","","",""
"rad-0547","Available","Snmp","RAD data communications","MUX","Rad-0547","","6.0.10","0","","",""
"rad-203","Available","Snmp","RAD data communications","Demarcation Device","Rad-203,Rad-220","","6.0.10","0","","",""
"rgb-bnp-3xr","Available","Snmp","RGB Networks","Video Processor","RGB Broadcast Network Processor","","6.0.10","0","","",""
"rgb-sep","Available","Snmp","RGB networks","Server","RGB-SEP","","6.0.10","0","","",""
"ruckus-controller-zd3000","Available","Snmp","Ruckus Wireless, Inc.","Unknown","ZD3000","","6.0.10","0","","",""
"ruckus-scg","Available","Snmp","Ruckus Wireless, Inc.","Service Controller","SCG","","6.0.10","0","","",""
"rxg-a4","Available","Snmp","RG Nets, Inc","Gateway","Revenue eXtraction Gateway","","6.0.10","0","","",""
"sageon-rectifier","Available","Snmp","C and D Technologies, Inc","Rectifier","Sageon Rectifier","","6.0.10","0","","",""
"segway-stp","Available","Snmp","Performance Technologies","Switch","SEGway STP","","6.0.10","0","","",""
"seldon-continuity-sps","Available","Snmp","Seldon Systems","Manager","Continuity SPS","","6.0.10","0","","",""
"sencore-vb220","Available","Snmp","Sencore","Video Platform","VB220","","6.0.10","0","","",""
"siae-microelettronica-nms5ux","Available","Snmp","siae microelettronica","Manager","siae-microelettronica-nms5ux","","6.0.10","0","","",""
"siae","Available","Snmp","siae microelettronica","Manager","siae","","6.0.5","0","","",""
"snmp-discoverytree","Installed","Snmp","Centina","Unknown","-","6.0.10","6.0.10","0","enabled","enabled","Wed Jun 28 22:35:42 EDT 2017"
"solarwinds-orion","Available","Snmp","SolarWinds","Manager","SolarWinds Orion","","6.0.10","0","","",""
"sonicwall-pro4100","Available","Snmp","SonicWALL","Firewall","SonicWALL Pro 4100","","6.0.10","0","","",""
"sonicwall-tz-170","Available","Snmp","SonicWALL","Firewall","SonicWALL TZ  170","","6.0.10","0","","",""
"sonus-dsi","Available","Snmp","SONUS","Unknown","Sonus-dsi","","6.0.10","0","","",""
"sonus-ems","Available","Snmp","sonus","Manager","sonus-ems","","6.0.10","0","","",""
"sonus-gsx-9000","Available","Snmp","Sonus Networks","Switch","Sonus GSX9000","","6.0.10","0","","",""
"sonus-psx","Available","Snmp","Sonus Networks, Inc.","Unknown","SONUS-PSX","","6.0.10","0","","",""
"sonus-sbc-5200","Available","Snmp","Sonus","SBC","SBC","","6.0.10","0","","",""
"sonus-sgx4000","Available","Snmp","Sonus","Gateway","SGX","","6.0.10","0","","",""
"ss8-ac20","Available","Snmp","Centigram Communications, Corp","Unknown","SS8-AC20","","6.0.10","0","","",""
"starhome-tre-platform","Available","Snmp","StarHome","Unknown","StarHome TRE platform","","6.0.10","0","","",""
"streamwide-prepaid-server","Available","Snmp","StreamWide","Unknown","SreamWide pre-paid sever","","6.0.10","0","","",""
"streamwide-voicemail-platform","Available","Snmp","StreamWide","Unknown","SreamWide Voicemail Platform","","6.0.10","0","","",""
"sun-bladecenter-6000","Available","Snmp","Oracle","Server","Blade","","6.0.10","0","","",""
"sun-ilom","Available","Snmp","Oracle","Manager","Sun ILOM","","6.0.10","0","","",""
"sun-sparc","Available","Snmp","Oracle","Server","Sparc","","6.0.10","0","","",""
"symmetricom-ssu-2000-snmp","Available","Snmp","SYMMETRICOM","Unknown","SSU2000","","6.0.10","0","","",""
"symmetricom-ssu-2000","Available","Tl1","Symmetricom","SSU","SSU2000","","6.0.10","0","","",""
"symmetricom-timecreator-1000","Available","Snmp","SYMMETRICOM","Server","TIME CREATOR 1000","","6.0.10","0","","",""
"symmetricom-tp-5000","Available","Snmp","Symmetricom","Unknown","UNKNOWN","","6.0.10","0","","",""
"syslog","Available","Ascii","Syslog","Server","SYSLOG","","6.0.10","0","","",""
"tandberg-iplex","Available","Snmp","Tandberg Television","Video Processor","iplex","","6.0.10","0","","",""
"taqua-t7000","Available","Snmp","Taqua","Switch","T7000","","6.0.10","0","","",""
"tasman-6300","Available","Snmp","Tasman Networks","Router","Tasman 6300","","6.0.10","0","","",""
"technicolor-modem","Available","Snmp","Technicolor","Cable Modem","Technicolor TC7200","","6.0.10","0","","",""
"technicolor-mta","Available","Snmp","Technicolor","MTA","*","","6.0.10","0","","",""
"tekelec-eagle","Available","Ascii","Tekelec","Switch","Eagle STP","","6.0.10","0","","",""
"telco-systems-edgelink100","Available","Tl1","Telco Systems, Inc","MUX","EdgeLink100","","6.0.10","0","","",""
"telco-systems-t5c-xg","Available","Snmp","Telco Systems","Switch","T5C-XG","","6.0.10","0","","",""
"telco-systems-tmarc-250","Available","Snmp","Telco Systems","Demarcation Device","T-Marc 250","","6.0.10","0","","",""
"telco-systems-tmarc-280","Available","Snmp","Telco Systems","Demarcation Device","T-Marc 280","","6.0.10","0","","",""
"telco-systems-tmarc-300","Available","Snmp","Telco Systems","Demarcation Device","T-Marc 300","","6.0.10","0","","",""
"telco-tmarc-3348s","Available","Snmp","Telco","Demarcation Device","T-marc","","6.0.10","0","","",""
"telco-tmetro-8001","Available","Snmp","TelcoSystems","Switch","T-metro-8001,Telco-7124","","6.0.10","0","","",""
"tellabs-5500-ngx-s","Available","Tl1","Tellabs","Switch","5500-NGX-S","","6.0.10","0","","",""
"tellabs-5500","Available","Tl1","Tellabs","MSPP","5500","","6.0.10","0","","",""
"tellabs-7100","Available","Tl1","Tellabs","OSTP","Nano 7100","","6.0.10","0","","",""
"tellabs-accessmax","Available","Tl1","Tellabs","MSPP","AccessMAX","","6.0.10","0","","",""
"tellabs-titan-532L-7.1","Available","Ascii","Tellabs","DCS","Titan 532L","","6.0.10","0","","",""
"tellabs-titan-532L","Available","Ascii","Tellabs","DCS","Titan 532L","","6.0.10","0","","",""
"tems-nms","Available","Snmp","Tyco Electronics","Agent","Tems-nms","","6.0.10","0","","",""
"thomson-modem-tcw750-4","Available","Snmp","Thomson","Cable Modem","Thomon  TCW750-4","","6.0.10","0","","",""
"thomson-modem-tcw770","Available","Snmp","Thomson","Cable Modem","Thomson TCW770","","6.0.10","0","","",""
"thomson-modem-tcw850-4","Available","Snmp","Thomson","Cable Modem","Thomon  TCW850-4","","6.0.10","0","","",""
"thomson-modem","Available","Snmp","Thomson","Cable Modem","Thomson Modem","","6.0.10","0","","",""
"thomson-mta","Available","Snmp","Thomson","MTA","*","","6.0.10","0","","",""
"transition-cpsmm","Available","Snmp","Transition Networks","Unknown","MCC-16 MEDIA CONVERTER CHASSIS","","6.0.10","0","","",""
"tripplite-ups","Available","Snmp","Tripp Lite","UPS","UPS","","6.0.10","0","","",""
"turin-trans-access","Available","Tl1","Turin Networks","ADM","TransAccess","","6.0.10","0","","",""
"turin-trans-nav","Available","Tl1","Turin Networks","Manager","TransNav","","6.0.10","0","","",""
"turin-traverse-edge","Available","Tl1","Turin Networks","ADM","TraverseEdge","","6.0.10","0","","",""
"turin-traverse","Available","Tl1","Turin Networks","MSPP","Traverse","","6.0.10","0","","",""
"unknown-mib","Available","Snmp","Unknown SNMP Agent","Unknown","UNKNOWN","","6.0.10","0","","",""
"UNKNOWN","Installed","Tl1","Unknown Vendor","Unknown","Unknown Product","6.0.10","6.0.10","1","enabled","enabled","Wed Jun 28 22:34:15 EDT 2017"
"valere-dc-power-bc2000","Available","Snmp","Eltek Valere","Rectifier","BC2000","","6.0.10","0","","",""
"valere-dc-power-ver1.0","Available","Snmp","Eltek Valere","Power Equipment","DC POWER","","6.0.10","0","","",""
"valere-dc-power-xc2100","Available","Snmp","Eltek Valere","Power Equipment","Modular Power System XC2100","","6.0.10","0","","",""
"valere-dc-power","Available","Snmp","Eltek Valere","Power Equipment","DC POWER","","6.0.10","0","","",""
"vecima-edge-modulator-v1102","Available","Snmp","Vecima Networks","Video Processor","Edge-Modulator","","6.0.10","0","","",""
"verimatrix-server","Available","Snmp","Verimatrix","Server","verimatrix-server","","6.0.10","0","","",""
"viptela-vmanage","Available","Api","Viptela","","","","6.0.10","0","","",""
"vmware-esx","Available","Snmp","VMware, Inc.","Server","ESX","","6.0.10","0","","",""
"vmware-esxi-server","Available","Snmp","VMware, Inc.","Server","vmware-esxi-server","","6.0.10","0","","",""
"vmware-vcenter-server","Available","Snmp","VMware, Inc.","Server","vmware-vcenter-server","","6.0.10","0","","",""
"vmware","Available","Api","VMWare Inc","","","","6.0.10","0","","",""
"wave-7-trident","Available","Snmp","Wave7 Optics, Inc","OLT","Trident","","6.0.10","0","","",""
"winlink-1000","Available","Snmp","RADWIN","Unknown","UNKNOWN","","6.0.10","0","","",""
"wnms-snmp","Available","Snmp","Nokia Siemens Networks","Manager","TNMS-C","","6.0.10","0","","",""
"wow-seldon-continuity-sps","Available","Snmp","Seldon Systems","Manager","Continuity SPS","","6.0.10","0","","",""
"wow-swarm","Available","Snmp","WOW","Manager","Zhone EMS","","6.0.10","0","","",""
"xtera-nuwave-optima","Available","Tl1","Xtera Communications","Manager","NuWave Optima","","6.0.10","0","","",""
"zhone-arca-dacs-100","Available","Tl1","Zhone Technoligies","DCS","Arca-Dacs 100","","6.0.10","0","","",""
"zhone-generic","Available","Snmp","Zhone Technologies","Unknown","Zhone Generic","","6.0.10","0","","",""
"zhone-malc","Available","Snmp","Zhone Technologies","MSPP","Zhone Multiple Access Loop Concentrator - MALC","","6.0.10","0","","",""
"zhone-mgr","Available","Snmp","Zhone Technologies","Manager","Zhone EMS","","6.0.10","0","","",""
"zhone-mxk","Available","Snmp","Zhone Technologies","MSPP","Zhone-MXK","","6.0.10","0","","",""
"zhone-r100adls2pgige","Available","Snmp","Zhone Technologies","MSPP","Zhone R100 ADSL2P GigE","","6.0.10","0","","",""
"zhone-raptor-malc-ip","Available","Snmp","Zhone Technologies","DSLAM","Zhone Raptor Multiple Access Loop Concentrator with IP termination- MALC","","6.0.10","0","","",""
"zhone-raptor-malc","Available","Snmp","Zhone Technologies","DSLAM","Zhone Raptor Multiple Access Loop Concentrator MALC","","6.0.10","0","","",""
"zhone-zms","Available","Snmp","Zhone Technologies","Manager","ZMS","","6.0.10","0","","",""
"zhone-znid","Available","Snmp","Zhone Technologies","Unknown","Znid","","6.0.10","0","","",""
"zte-c300","Available","Snmp","ZTE","OLT","ZXA10 C300","","6.0.10","0","","",""
"zte-netnumen-m3","Available","Snmp","ZTE Corporation Ltd","Manager","NetNumen M3(ZXC10 BSSB)","","6.0.10","0","","",""
